{
    "data":{
        "attributes":{
            "position":{
                "itemSize":3,
                "array":[1,4.37114e-08,1,-1,-4.37114e-08,-1,-1,4.37114e-08,1,1,-4.37114e-08,-1],
                "type":"Float32Array"
            },
            "uv":{
                "itemSize":2,
                "array":[1.00289,0,0.00289083,1,
						 0.00289083,0,1.00289,1],
                "type":"Float32Array"
            },
            "normal":{
                "itemSize":3,
                "array":[0,1,-4.37114e-08,0,1,-4.37114e-08,0,1,-4.37114e-08,0,1,-4.37114e-08],
                "type":"Float32Array"
            }
        },
        "index":{
            "itemSize":1,
            "array":[0,1,2,0,3,1],
            "type":"Uint16Array"
        }
    },
    "metadata":{
        "uv":4,
        "type":"BufferGeometry",
        "position":4,
        "generator":"io_three",
        "normal":4,
        "version":3
    }
}